{
  "block": {},
  "line": {
    "line-446586": {
      "fromKey": "tag-416176",
      "toKey": "tag-443720",
      "from": {
        "top": 369,
        "right": 287.578125,
        "bottom": 390,
        "left": 265,
        "width": 22.578125,
        "height": 21,
        "x": 265,
        "y": 369
      },
      "to": {
        "top": 502,
        "right": 508.359375,
        "bottom": 523,
        "left": 478,
        "width": 30.359375,
        "height": 21,
        "x": 478,
        "y": 502
      }
    },
    "line-451979": {
      "fromKey": "tag-439992",
      "toKey": "tag-416176",
      "from": {
        "top": 267,
        "right": 143.359375,
        "bottom": 288,
        "left": 113,
        "width": 30.359375,
        "height": 21,
        "x": 113,
        "y": 267
      },
      "to": {
        "top": 369,
        "right": 287.578125,
        "bottom": 390,
        "left": 265,
        "width": 22.578125,
        "height": 21,
        "x": 265,
        "y": 369
      }
    },
    "line-479893": {
      "fromKey": "tag-476280",
      "toKey": "tag-416176",
      "from": {
        "top": 240,
        "right": 494.359375,
        "bottom": 261,
        "left": 464,
        "width": 30.359375,
        "height": 21,
        "x": 464,
        "y": 240
      },
      "to": {
        "top": 369,
        "right": 287.578125,
        "bottom": 390,
        "left": 265,
        "width": 22.578125,
        "height": 21,
        "x": 265,
        "y": 369
      }
    },
    "line-493906": {
      "fromKey": "tag-491320",
      "toKey": "tag-443720",
      "from": {
        "top": 591,
        "right": 600.359375,
        "bottom": 612,
        "left": 570,
        "width": 30.359375,
        "height": 21,
        "x": 570,
        "y": 591
      },
      "to": {
        "top": 502,
        "right": 508.359375,
        "bottom": 523,
        "left": 478,
        "width": 30.359375,
        "height": 21,
        "x": 478,
        "y": 502
      }
    }
  },
  "tag": {
    "tag-416176": {
      "x": 186,
      "y": 469,
      "editable": false,
      "input": "test",
      "parent": ""
    },
    "tag-439992": {
      "x": 34,
      "y": 367,
      "editable": false,
      "input": "test2",
      "parent": ""
    },
    "tag-443720": {
      "x": 399,
      "y": 602,
      "editable": false,
      "input": "test3",
      "parent": ""
    },
    "tag-476280": {
      "x": 385,
      "y": 340,
      "editable": false,
      "input": "test4",
      "parent": ""
    },
    "tag-491320": {
      "x": 491,
      "y": 691,
      "editable": false,
      "input": "test5",
      "parent": ""
    },
    "tag-491321": {
      "x": 591,
      "y": 791,
      "editable": false,
      "input": "test6",
      "parent": "tag-491320"
    }
  },
  "position": { "root": { "x": 79, "y": -100 } },
  "current": "root"
}
